{
  "best_valid": {
    "beams": 6,
    "len_pen": 0.95,
    "no_repeat": 3,
    "min_new": 4,
    "max_new": 64,
    "BLEU": 12.61381802030884,
    "chrF": 37.804802807561174,
    "sec": 65.67669105529785
  },
  "test_bleu": 13.945424641336029,
  "test_chrF": 38.4281979925249,
  "N_test": 298
}